{"color":"DEFAULT","isTrashed":true,"isPinned":false,"isArchived":false,"textContent":"\n\n    Voyague through the stars.\n    Seli","title":"","userEditedTimestampUsec":1747535605402000,"createdTimestampUsec":1747535605402000,"textContentHtml":"<br /><br /><p dir=\"ltr\" style=\"line-height:1.38;margin-top:0.0pt;margin-bottom:0.0pt;\"><span style=\"font-size:7.2pt;font-family:'Google Sans';color:#000000;background-color:transparent;font-weight:400;font-style:normal;font-variant:normal;text-decoration:none;vertical-align:baseline;white-space:pre;white-space:pre-wrap;\">&nbsp;&nbsp;&nbsp;&nbsp;Voyague through the stars.<\/span><\/p><p dir=\"ltr\" style=\"line-height:1.38;margin-top:0.0pt;margin-bottom:0.0pt;\"><span style=\"font-size:7.2pt;font-family:'Google Sans';color:#000000;background-color:transparent;font-weight:400;font-style:normal;font-variant:normal;text-decoration:none;vertical-align:baseline;white-space:pre;white-space:pre-wrap;\">&nbsp;&nbsp;&nbsp;&nbsp;Seli<\/span><\/p>"}