{"color":"DEFAULT","isTrashed":false,"isPinned":false,"isArchived":false,"textContent":"The primordial gods of the void are not evil, not by nature, a lot of them do like suffering, pain, chaos and missery, but that is just their nature, the same way humans might consider pleasure and hapiness good, they might consider pain and suffering good, morally is a human made consruct after all. the reason they leak into the universe is the same reason water slips through cracks. Its simply its nature","title":"","userEditedTimestampUsec":1747537542406000,"createdTimestampUsec":1747537542406000,"textContentHtml":"<p dir=\"ltr\" style=\"line-height:1.38;margin-top:0.0pt;margin-bottom:0.0pt;\"><span style=\"font-size:7.2pt;font-family:'Google Sans';color:#000000;background-color:transparent;font-weight:400;font-style:normal;font-variant:normal;text-decoration:none;vertical-align:baseline;white-space:pre;white-space:pre-wrap;\">The primordial gods of the void are not evil, not by nature, a lot of them do like suffering, pain, chaos and missery, but that is just their nature, the same way humans might consider pleasure and hapiness good, they might consider pain and suffering good, morally is a human made consruct after all. the reason they leak into the universe is the same reason water slips through cracks. Its simply its nature<\/span><\/p>"}