{"color":"DEFAULT","isTrashed":true,"isPinned":false,"isArchived":false,"textContent":"\n\n    Selis sees the tapestry of fate and sees her self in every universe, she is about to go insane utnil she sees that Kazimir is with her in every universe, then she says to him she loves him in every universe.\n","title":"","userEditedTimestampUsec":1747535667969000,"createdTimestampUsec":1747535667969000,"textContentHtml":"<br /><br /><p dir=\"ltr\" style=\"line-height:1.38;margin-top:0.0pt;margin-bottom:0.0pt;\"><span style=\"font-size:7.2pt;font-family:'Google Sans';color:#000000;background-color:transparent;font-weight:400;font-style:normal;font-variant:normal;text-decoration:none;vertical-align:baseline;white-space:pre;white-space:pre-wrap;\">&nbsp;&nbsp;&nbsp;&nbsp;Selis sees the tapestry of fate and sees her self in every universe, she is about to go insane utnil she sees that Kazimir is with her in every universe, then she says to him she loves him in every universe.<\/span><\/p>"}