{"color":"DEFAULT","isTrashed":false,"isPinned":false,"isArchived":false,"textContent":"Equalibrium created to both restore the gods and also to refuse the Daemon lineages into Light and Dark recreating balance\n\n","title":"","userEditedTimestampUsec":1747533654717000,"createdTimestampUsec":1747533654717000,"textContentHtml":"<p dir=\"ltr\" style=\"line-height:1.38;margin-top:0.0pt;margin-bottom:0.0pt;\"><span style=\"font-size:7.2pt;font-family:'Google Sans';color:#000000;background-color:transparent;font-weight:400;font-style:normal;font-variant:normal;text-decoration:none;vertical-align:baseline;white-space:pre;white-space:pre-wrap;\">Equalibrium created to both restore the gods and also to refuse the Daemon lineages into Light and Dark recreating balance<\/span><\/p><br />"}