{"color":"DEFAULT","isTrashed":false,"isPinned":false,"isArchived":false,"textContent":"Goddess of Light, once considered the greatest of the gods became hated after she defied the creator and ruler of fate after she attacked him and stole a piece of fate to bound herself to Darkness\n\n","title":"","userEditedTimestampUsec":1747538033970000,"createdTimestampUsec":1747538033970000,"textContentHtml":"<p dir=\"ltr\" style=\"line-height:1.38;margin-top:0.0pt;margin-bottom:0.0pt;\"><span style=\"font-size:7.2pt;font-family:'Google Sans';color:#000000;background-color:transparent;font-weight:400;font-style:normal;font-variant:normal;text-decoration:none;vertical-align:baseline;white-space:pre;white-space:pre-wrap;\">Goddess of Light, once considered the greatest of the gods became hated after she defied the creator and ruler of fate after she attacked him and stole a piece of fate to bound herself to Darkness<\/span><\/p><br />"}