{"color":"DEFAULT","isTrashed":false,"isPinned":false,"isArchived":false,"textContent":"\nArtifacts:\n[Mask of Deceit]\nDescription: The deamon realm was created to seal the daemons. once upon a time the daemon of deceit deceived his way out of the daemon realm and into the god realm, he did this by reversing his nature, shedding all layers of deceit covering him untill nothing but truth was left, the daemon realm specially designed to keep him sealed was unable to recognize his true form and let him pass. he entered the godrealm and in the first time in his life the daemon of deceit spoke truthfully \"Oh mother, Oh Father, Why did thoust created us if only to abandon and seal us?\"\nDeceit is formless, so should their faces be, this mask will hide your face, shaping it at your will, but you will never be able to have your own face again.\n\n","title":"","userEditedTimestampUsec":1747537586883000,"createdTimestampUsec":1747537586883000,"textContentHtml":"<br /><p dir=\"ltr\" style=\"line-height:1.38;margin-top:0.0pt;margin-bottom:0.0pt;\"><span style=\"font-size:7.2pt;font-family:'Google Sans';color:#000000;background-color:transparent;font-weight:400;font-style:normal;font-variant:normal;text-decoration:none;vertical-align:baseline;white-space:pre;white-space:pre-wrap;\">Artifacts:<\/span><\/p><p dir=\"ltr\" style=\"line-height:1.38;margin-top:0.0pt;margin-bottom:0.0pt;\"><span style=\"font-size:7.2pt;font-family:'Google Sans';color:#000000;background-color:transparent;font-weight:400;font-style:normal;font-variant:normal;text-decoration:none;vertical-align:baseline;white-space:pre;white-space:pre-wrap;\">[Mask of Deceit]<\/span><\/p><p dir=\"ltr\" style=\"line-height:1.38;margin-top:0.0pt;margin-bottom:0.0pt;\"><span style=\"font-size:7.2pt;font-family:'Google Sans';color:#000000;background-color:transparent;font-weight:400;font-style:normal;font-variant:normal;text-decoration:none;vertical-align:baseline;white-space:pre;white-space:pre-wrap;\">Description: The deamon realm was created to seal the daemons. once upon a time the daemon of deceit deceived his way out of the daemon realm and into the god realm, he did this by reversing his nature, shedding all layers of deceit covering him untill nothing but truth was left, the daemon realm specially designed to keep him sealed was unable to recognize his true form and let him pass. he entered the godrealm and in the first time in his life the daemon of deceit spoke truthfully &quot;Oh mother, Oh Father, Why did thoust created us if only to abandon and seal us?&quot;<\/span><\/p><p dir=\"ltr\" style=\"line-height:1.38;margin-top:0.0pt;margin-bottom:0.0pt;\"><span style=\"font-size:7.2pt;font-family:'Google Sans';color:#000000;background-color:transparent;font-weight:400;font-style:normal;font-variant:normal;text-decoration:none;vertical-align:baseline;white-space:pre;white-space:pre-wrap;\">Deceit is formless, so should their faces be, this mask will hide your face, shaping it at your will, but you will never be able to have your own face again.<\/span><\/p><br />"}