{"color":"DEFAULT","isTrashed":false,"isPinned":false,"isArchived":false,"textContent":"\nBad words weigh more than bad actions\n\nthe best way not to lose is to never play at all","title":"","userEditedTimestampUsec":1747533797294000,"createdTimestampUsec":1747533797294000,"textContentHtml":"<br /><p dir=\"ltr\" style=\"line-height:1.38;margin-top:0.0pt;margin-bottom:0.0pt;\"><span style=\"font-size:7.2pt;font-family:'Google Sans';color:#000000;background-color:transparent;font-weight:400;font-style:normal;font-variant:normal;text-decoration:none;vertical-align:baseline;white-space:pre;white-space:pre-wrap;\">Bad words weigh more than bad actions<\/span><\/p><br /><p dir=\"ltr\" style=\"line-height:1.38;margin-top:0.0pt;margin-bottom:0.0pt;\"><span style=\"font-size:7.2pt;font-family:'Google Sans';color:#000000;background-color:transparent;font-weight:400;font-style:normal;font-variant:normal;text-decoration:none;vertical-align:baseline;white-space:pre;white-space:pre-wrap;\">the best way not to lose is to never play at all<\/span><\/p>"}