{"color":"DEFAULT","isTrashed":false,"isPinned":false,"isArchived":false,"textContent":"Voyague through the stars: Selis(Alien) and Kazimir go to her home planet to retrieve an artifact they use it to go to alien hivemind planet to blow it up, they die together.\n\n","title":"","userEditedTimestampUsec":1747537817019000,"createdTimestampUsec":1747537817019000,"textContentHtml":"<p dir=\"ltr\" style=\"line-height:1.38;margin-top:0.0pt;margin-bottom:0.0pt;\"><span style=\"font-size:7.2pt;font-family:'Google Sans';color:#000000;background-color:transparent;font-weight:400;font-style:normal;font-variant:normal;text-decoration:none;vertical-align:baseline;white-space:pre;white-space:pre-wrap;\">Voyague through the stars: Selis(Alien) and Kazimir go to her home planet to retrieve an artifact they use it to go to alien hivemind planet to blow it up, they die together.<\/span><\/p><br />"}