{"color":"DEFAULT","isTrashed":false,"isPinned":false,"isArchived":false,"textContent":"Sea of Darkness\nsea thick and black like oil, with monsters hidding beneath\n\n\n","title":"","userEditedTimestampUsec":1747537891098000,"createdTimestampUsec":1747537889042000,"textContentHtml":"<p dir=\"ltr\" style=\"line-height:1.38;margin-top:0.0pt;margin-bottom:0.0pt;\"><span style=\"font-size:7.2pt;font-family:'Google Sans';color:#000000;background-color:transparent;font-weight:400;font-style:normal;font-variant:normal;text-decoration:none;vertical-align:baseline;white-space:pre;white-space:pre-wrap;\">Sea of Darkness<\/span><\/p><p dir=\"ltr\" style=\"line-height:1.38;margin-top:0.0pt;margin-bottom:0.0pt;\"><span style=\"font-size:7.2pt;font-family:'Google Sans';color:#000000;background-color:transparent;font-weight:400;font-style:normal;font-variant:normal;text-decoration:none;vertical-align:baseline;white-space:pre;white-space:pre-wrap;\">sea thick and black like oil, with monsters hidding beneath<\/span><\/p><br /><br />"}