{"color":"DEFAULT","isTrashed":false,"isPinned":false,"isArchived":false,"textContent":"Kazimir and Selis become Darkness and Light again, eternally to dance between light and dark never again to meet. the end\n\n","title":"","userEditedTimestampUsec":1747537556729000,"createdTimestampUsec":1747537556729000,"textContentHtml":"<p dir=\"ltr\" style=\"line-height:1.38;margin-top:0.0pt;margin-bottom:0.0pt;\"><span style=\"font-size:7.2pt;font-family:'Google Sans';color:#000000;background-color:transparent;font-weight:400;font-style:normal;font-variant:normal;text-decoration:none;vertical-align:baseline;white-space:pre;white-space:pre-wrap;\">Kazimir and Selis become Darkness and Light again, eternally to dance between light and dark never again to meet. the end<\/span><\/p><br />"}