{"color":"DEFAULT","isTrashed":false,"isPinned":false,"isArchived":false,"textContent":"Kizimir is sold into slavery to house vuglar, he is trown into black liquid that seeps into his bones, after he awaekens, he is in a room with other children who didn't survive, their bodies are twisted and have expressions of pure agony, exstecy, and bliss\n\n","title":"","userEditedTimestampUsec":1747537940244000,"createdTimestampUsec":1747537940244000,"textContentHtml":"<p dir=\"ltr\" style=\"line-height:1.38;margin-top:0.0pt;margin-bottom:0.0pt;\"><span style=\"font-size:7.2pt;font-family:'Google Sans';color:#000000;background-color:transparent;font-weight:400;font-style:normal;font-variant:normal;text-decoration:none;vertical-align:baseline;white-space:pre;white-space:pre-wrap;\">Kizimir is sold into slavery to house vuglar, he is trown into black liquid that seeps into his bones, after he awaekens, he is in a room with other children who didn't survive, their bodies are twisted and have expressions of pure agony, exstecy, and bliss<\/span><\/p><br />"}