{"color":"DEFAULT","isTrashed":false,"isPinned":false,"isArchived":false,"textContent":"Floating islands above a black abyss, islands are filled with white fire engravings. giant white tree on island, city surrounds it. nearby islands have pumps, pumping black liquid out of the abyss, with aqueducts taking it towards the white tree. the liquid falls on the soil before the black tree, and is turned into white fire liquid by the tree. then it is send to nearby islands by pipes to make the islands float.\n\n","title":"","userEditedTimestampUsec":1747538077022000,"createdTimestampUsec":1747538074791000,"textContentHtml":"<p dir=\"ltr\" style=\"line-height:1.38;margin-top:0.0pt;margin-bottom:0.0pt;\"><span style=\"font-size:7.2pt;font-family:'Google Sans';color:#000000;background-color:transparent;font-weight:400;font-style:normal;font-variant:normal;text-decoration:none;vertical-align:baseline;white-space:pre;white-space:pre-wrap;\">Floating islands above a black abyss, islands are filled with white fire engravings. giant white tree on island, city surrounds it. nearby islands have pumps, pumping black liquid out of the abyss, with aqueducts taking it towards the white tree. the liquid falls on the soil before the black tree, and is turned into white fire liquid by the tree. then it is send to nearby islands by pipes to make the islands float.<\/span><\/p><br />"}