{"color":"DEFAULT","isTrashed":false,"isPinned":false,"isArchived":false,"textContent":"Kazimir is ordered to Kill Selis, Kazimir can't bring himself to do so, so he throws her and himself into the abyss, they rescue the people at the bottom and climb out.\n\n","title":"","userEditedTimestampUsec":1747536979870000,"createdTimestampUsec":1747536979870000,"textContentHtml":"<p dir=\"ltr\" style=\"line-height:1.38;margin-top:0.0pt;margin-bottom:0.0pt;\"><span style=\"font-size:7.2pt;font-family:'Google Sans';color:#000000;background-color:transparent;font-weight:400;font-style:normal;font-variant:normal;text-decoration:none;vertical-align:baseline;white-space:pre;white-space:pre-wrap;\">Kazimir is ordered to Kill Selis, Kazimir can't bring himself to do so, so he throws her and himself into the abyss, they rescue the people at the bottom and climb out.<\/span><\/p><br />"}