{"color":"DEFAULT","isTrashed":false,"isPinned":false,"isArchived":false,"textContent":"The Gods were never meant to know love, but when Darkness and Light fell in love that changed, from their love the deamons were born, due to this imbalance was brought upon the perfect world, and cracks and gates started to appear, the primordial gods of the void tried to enter and bring choas to the world.\n\n","title":"","userEditedTimestampUsec":1747537013049000,"createdTimestampUsec":1747537013049000,"textContentHtml":"<p dir=\"ltr\" style=\"line-height:1.38;margin-top:0.0pt;margin-bottom:0.0pt;\"><span style=\"font-size:7.2pt;font-family:'Google Sans';color:#000000;background-color:transparent;font-weight:400;font-style:normal;font-variant:normal;text-decoration:none;vertical-align:baseline;white-space:pre;white-space:pre-wrap;\">The Gods were never meant to know love, but when Darkness and Light fell in love that changed, from their love the deamons were born, due to this imbalance was brought upon the perfect world, and cracks and gates started to appear, the primordial gods of the void tried to enter and bring choas to the world.<\/span><\/p><br />"}