{"color":"DEFAULT","isTrashed":false,"isPinned":false,"isArchived":false,"textContent":"Darkness and light are two parts of the same coin, wherever light goes, darkness follows, wherever there is light, shadows will be there aswell, when darkness moves foreward light lessens, when darkness lessens light prospers, ying and yang. two mirrors never to meet.","title":"","userEditedTimestampUsec":1747536934841000,"createdTimestampUsec":1747536934841000,"textContentHtml":"<p dir=\"ltr\" style=\"line-height:1.38;margin-top:0.0pt;margin-bottom:0.0pt;\"><span style=\"font-size:7.2pt;font-family:'Google Sans';color:#000000;background-color:transparent;font-weight:400;font-style:normal;font-variant:normal;text-decoration:none;vertical-align:baseline;white-space:pre;white-space:pre-wrap;\">Darkness and light are two parts of the same coin, wherever light goes, darkness follows, wherever there is light, shadows will be there aswell, when darkness moves foreward light lessens, when darkness lessens light prospers, ying and yang. two mirrors never to meet.<\/span><\/p>"}