{"color":"DEFAULT","isTrashed":false,"isPinned":false,"isArchived":false,"textContent":"When Darkness, Light, Space, And Time crawled out of the primordial void they created balance, which cut it out from the primoridal void, creating the univesre\n\n","title":"","userEditedTimestampUsec":1747537564419000,"createdTimestampUsec":1747537564419000,"textContentHtml":"<p dir=\"ltr\" style=\"line-height:1.38;margin-top:0.0pt;margin-bottom:0.0pt;\"><span style=\"font-size:7.2pt;font-family:'Google Sans';color:#000000;background-color:transparent;font-weight:400;font-style:normal;font-variant:normal;text-decoration:none;vertical-align:baseline;white-space:pre;white-space:pre-wrap;\">When Darkness, Light, Space, And Time crawled out of the primordial void they created balance, which cut it out from the primoridal void, creating the univesre<\/span><\/p><br />"}