{"color":"DEFAULT","isTrashed":false,"isPinned":false,"isArchived":false,"textContent":"Midieval fantasy, Kazimir is born a bastard, the black lion, and Selis is born as an abomination, with disfigured skin etc. Bastard love\n\n","title":"","userEditedTimestampUsec":1747533726968000,"createdTimestampUsec":1747533724735000,"textContentHtml":"<p dir=\"ltr\" style=\"line-height:1.38;margin-top:0.0pt;margin-bottom:0.0pt;\"><span style=\"font-size:7.2pt;font-family:'Google Sans';color:#000000;background-color:transparent;font-weight:400;font-style:normal;font-variant:normal;text-decoration:none;vertical-align:baseline;white-space:pre;white-space:pre-wrap;\">Midieval fantasy, Kazimir is born a bastard, the black lion, and Selis is born as an abomination, with disfigured skin etc. Bastard love<\/span><\/p><br />"}