{"color":"DEFAULT","isTrashed":false,"isPinned":false,"isArchived":false,"textContent":"Light flows around Selis hand, it condesnes into her hand, then she says \"Let there be light.\" And the darkness of the abyss fanishes.\n\n","title":"","userEditedTimestampUsec":1747536952428000,"createdTimestampUsec":1747536952428000,"textContentHtml":"<p dir=\"ltr\" style=\"line-height:1.38;margin-top:0.0pt;margin-bottom:0.0pt;\"><span style=\"font-size:7.2pt;font-family:'Google Sans';color:#000000;background-color:transparent;font-weight:400;font-style:normal;font-variant:normal;text-decoration:none;vertical-align:baseline;white-space:pre;white-space:pre-wrap;\">Light flows around Selis hand, it condesnes into her hand, then she says &quot;Let there be light.&quot; And the darkness of the abyss fanishes.<\/span><\/p><br />"}