{"color":"DEFAULT","isTrashed":false,"isPinned":false,"isArchived":false,"textContent":"for every action there is an equal and opposite reaction, When ligth moves Darkness follows, and when darkness moves light follows, ying and yang\n\nBalance\n\nLife and Death, Light and Dark, its all a cycle of balance\n\n","title":"","userEditedTimestampUsec":1747537990064000,"createdTimestampUsec":1747537982850000,"textContentHtml":"<p dir=\"ltr\" style=\"line-height:1.38;margin-top:0.0pt;margin-bottom:0.0pt;\"><span style=\"font-size:7.2pt;font-family:'Google Sans';color:#000000;background-color:transparent;font-weight:400;font-style:normal;font-variant:normal;text-decoration:none;vertical-align:baseline;white-space:pre;white-space:pre-wrap;\">for every action there is an equal and opposite reaction, When ligth moves Darkness follows, and when darkness moves light follows, ying and yang<\/span><\/p><br /><p dir=\"ltr\" style=\"line-height:1.38;margin-top:0.0pt;margin-bottom:0.0pt;\"><span style=\"font-size:7.2pt;font-family:'Google Sans';color:#000000;background-color:transparent;font-weight:400;font-style:normal;font-variant:normal;text-decoration:none;vertical-align:baseline;white-space:pre;white-space:pre-wrap;\">Balance<\/span><\/p><br /><p dir=\"ltr\" style=\"line-height:1.38;margin-top:0.0pt;margin-bottom:0.0pt;\"><span style=\"font-size:7.2pt;font-family:'Google Sans';color:#000000;background-color:transparent;font-weight:400;font-style:normal;font-variant:normal;text-decoration:none;vertical-align:baseline;white-space:pre;white-space:pre-wrap;\">Life and Death, Light and Dark, its all a cycle of balance<\/span><\/p><br />"}