{"color":"DEFAULT","isTrashed":false,"isPinned":false,"isArchived":false,"textContent":"She stands over him, sword pointed downwards, but can't bring herself to kill him, so she throws her blazing white sword away\n\nKazimir fights back knowing she might not be willing to kill him if he doesn't fight, Kazimir cuts of Lie of Beauty during the battle revealing her burned, bald, scarred, muscular and rough body.\n\n","title":"","userEditedTimestampUsec":1747537960015000,"createdTimestampUsec":1747537955282000,"textContentHtml":"<p dir=\"ltr\" style=\"line-height:1.38;margin-top:0.0pt;margin-bottom:0.0pt;\"><span style=\"font-size:7.2pt;font-family:'Google Sans';color:#000000;background-color:transparent;font-weight:400;font-style:normal;font-variant:normal;text-decoration:none;vertical-align:baseline;white-space:pre;white-space:pre-wrap;\">She stands over him, sword pointed downwards, but can't bring herself to kill him, so she throws her blazing white sword away<\/span><\/p><br /><p dir=\"ltr\" style=\"line-height:1.38;margin-top:0.0pt;margin-bottom:0.0pt;\"><span style=\"font-size:7.2pt;font-family:'Google Sans';color:#000000;background-color:transparent;font-weight:400;font-style:normal;font-variant:normal;text-decoration:none;vertical-align:baseline;white-space:pre;white-space:pre-wrap;\">Kazimir fights back knowing she might not be willing to kill him if he doesn't fight, Kazimir cuts of Lie of Beauty during the battle revealing her burned, bald, scarred, muscular and rough body.<\/span><\/p><br />"}