{"color":"DEFAULT","isTrashed":false,"isPinned":false,"isArchived":false,"textContent":"City build by blood sacrifice, its walls made of human flesh and bones, and in the middle a gigatnic tower made of human bones\n\n","title":"","userEditedTimestampUsec":1747537896334000,"createdTimestampUsec":1747537896334000,"textContentHtml":"<p dir=\"ltr\" style=\"line-height:1.38;margin-top:0.0pt;margin-bottom:0.0pt;\"><span style=\"font-size:7.2pt;font-family:'Google Sans';color:#000000;background-color:transparent;font-weight:400;font-style:normal;font-variant:normal;text-decoration:none;vertical-align:baseline;white-space:pre;white-space:pre-wrap;\">City build by blood sacrifice, its walls made of human flesh and bones, and in the middle a gigatnic tower made of human bones<\/span><\/p><br />"}