{"color":"DEFAULT","isTrashed":false,"isPinned":false,"isArchived":false,"textContent":"Champion of Light. prophesy, that one day a champion will rise from the ashes of Light and rid the world of its corruption.\n\nThis off course being Selis\n\n","title":"","userEditedTimestampUsec":1747533776980000,"createdTimestampUsec":1747533772311000,"textContentHtml":"<p dir=\"ltr\" style=\"line-height:1.38;margin-top:0.0pt;margin-bottom:0.0pt;\"><span style=\"font-size:7.2pt;font-family:'Google Sans';color:#000000;background-color:transparent;font-weight:400;font-style:normal;font-variant:normal;text-decoration:none;vertical-align:baseline;white-space:pre;white-space:pre-wrap;\">Champion of Light. prophesy, that one day a champion will rise from the ashes of Light and rid the world of its corruption.<\/span><\/p><br /><p dir=\"ltr\" style=\"line-height:1.38;margin-top:0.0pt;margin-bottom:0.0pt;\"><span style=\"font-size:7.2pt;font-family:'Google Sans';color:#000000;background-color:transparent;font-weight:400;font-style:normal;font-variant:normal;text-decoration:none;vertical-align:baseline;white-space:pre;white-space:pre-wrap;\">This off course being Selis<\/span><\/p><br />"}