{"color":"DEFAULT","isTrashed":false,"isPinned":false,"isArchived":false,"textContent":"House everlight emblem: A white flame with a silver laurel wreath surrounding it, there are two silver sword going through the flame like an X, and above the flame are 4 white stars, a signal of their strenght\n\n","title":"","userEditedTimestampUsec":1747536964837000,"createdTimestampUsec":1747536964837000,"textContentHtml":"<p dir=\"ltr\" style=\"line-height:1.38;margin-top:0.0pt;margin-bottom:0.0pt;\"><span style=\"font-size:7.2pt;font-family:'Google Sans';color:#000000;background-color:transparent;font-weight:400;font-style:normal;font-variant:normal;text-decoration:none;vertical-align:baseline;white-space:pre;white-space:pre-wrap;\">House everlight emblem: A white flame with a silver laurel wreath surrounding it, there are two silver sword going through the flame like an X, and above the flame are 4 white stars, a signal of their strenght<\/span><\/p><br />"}