{"color":"DEFAULT","isTrashed":false,"isPinned":false,"isArchived":false,"textContent":"\n1: Creation, The Gods crawling out of the primordial void.\n2: The age of balance, the gods created balance, creating the universe and cutting it out of the primordial void\n3: The first sin, Love, Darkness and Light fell in love and created the daemons, this caused imbalance. Daemon realm is created by light and dark to hide them.\n4: Due to the imbalance, caused by the creation of the daemons corruption of the primordial void starts leaking into the world","title":"","userEditedTimestampUsec":1747538031525000,"createdTimestampUsec":1747538031525000,"textContentHtml":"<br /><p dir=\"ltr\" style=\"line-height:1.38;margin-top:0.0pt;margin-bottom:0.0pt;\"><span style=\"font-size:7.2pt;font-family:'Google Sans';color:#000000;background-color:transparent;font-weight:400;font-style:normal;font-variant:normal;text-decoration:none;vertical-align:baseline;white-space:pre;white-space:pre-wrap;\">1: Creation, The Gods crawling out of the primordial void.<\/span><\/p><p dir=\"ltr\" style=\"line-height:1.38;margin-top:0.0pt;margin-bottom:0.0pt;\"><span style=\"font-size:7.2pt;font-family:'Google Sans';color:#000000;background-color:transparent;font-weight:400;font-style:normal;font-variant:normal;text-decoration:none;vertical-align:baseline;white-space:pre;white-space:pre-wrap;\">2: The age of balance, the gods created balance, creating the universe and cutting it out of the primordial void<\/span><\/p><p dir=\"ltr\" style=\"line-height:1.38;margin-top:0.0pt;margin-bottom:0.0pt;\"><span style=\"font-size:7.2pt;font-family:'Google Sans';color:#000000;background-color:transparent;font-weight:400;font-style:normal;font-variant:normal;text-decoration:none;vertical-align:baseline;white-space:pre;white-space:pre-wrap;\">3: The first sin, Love, Darkness and Light fell in love and created the daemons, this caused imbalance. Daemon realm is created by light and dark to hide them.<\/span><\/p><p dir=\"ltr\" style=\"line-height:1.38;margin-top:0.0pt;margin-bottom:0.0pt;\"><span style=\"font-size:7.2pt;font-family:'Google Sans';color:#000000;background-color:transparent;font-weight:400;font-style:normal;font-variant:normal;text-decoration:none;vertical-align:baseline;white-space:pre;white-space:pre-wrap;\">4: Due to the imbalance, caused by the creation of the daemons corruption of the primordial void starts leaking into the world<\/span><\/p>"}