{"color":"DEFAULT","isTrashed":false,"isPinned":false,"isArchived":false,"textContent":"Once out of the abyss Selis and Kazimir walk through the city, Selis buys a drink for three credits, she remarks at the cheap price. Kazimir noticeses and laughs\n\n","title":"","userEditedTimestampUsec":1747535697405000,"createdTimestampUsec":1747535697405000,"textContentHtml":"<p dir=\"ltr\" style=\"line-height:1.38;margin-top:0.0pt;margin-bottom:0.0pt;\"><span style=\"font-size:7.2pt;font-family:'Google Sans';color:#000000;background-color:transparent;font-weight:400;font-style:normal;font-variant:normal;text-decoration:none;vertical-align:baseline;white-space:pre;white-space:pre-wrap;\">Once out of the abyss Selis and Kazimir walk through the city, Selis buys a drink for three credits, she remarks at the cheap price. Kazimir noticeses and laughs<\/span><\/p><br />"}