{"color":"DEFAULT","isTrashed":false,"isPinned":false,"isArchived":false,"textContent":"\nThe garden out of time:\nSelis and Kazimir go in a time loop collection artifacts, the ending Selis is in the garden of eden about to pick the fruit, but then she remembers and sees Kazimir and doesn't pick it.","title":"","userEditedTimestampUsec":1747533844073000,"createdTimestampUsec":1747533841847000,"textContentHtml":"<br /><p dir=\"ltr\" style=\"line-height:1.38;margin-top:0.0pt;margin-bottom:0.0pt;\"><span style=\"font-size:7.2pt;font-family:'Google Sans';color:#000000;background-color:transparent;font-weight:400;font-style:normal;font-variant:normal;text-decoration:none;vertical-align:baseline;white-space:pre;white-space:pre-wrap;\">The garden out of time:<\/span><\/p><p dir=\"ltr\" style=\"line-height:1.38;margin-top:0.0pt;margin-bottom:0.0pt;\"><span style=\"font-size:7.2pt;font-family:'Google Sans';color:#000000;background-color:transparent;font-weight:400;font-style:normal;font-variant:normal;text-decoration:none;vertical-align:baseline;white-space:pre;white-space:pre-wrap;\">Selis and Kazimir go in a time loop collection artifacts, the ending Selis is in the garden of eden about to pick the fruit, but then she remembers and sees Kazimir and doesn't pick it.<\/span><\/p>"}