{"color":"DEFAULT","isTrashed":false,"isPinned":false,"isArchived":false,"textContent":"Volume 1 slave is named after Kazimir being sold into slavery and the slaves of the grapist in the deamon realm\n\n","title":"","userEditedTimestampUsec":1747536989886000,"createdTimestampUsec":1747536989886000,"textContentHtml":"<p dir=\"ltr\" style=\"line-height:1.38;margin-top:0.0pt;margin-bottom:0.0pt;\"><span style=\"font-size:7.2pt;font-family:'Google Sans';color:#000000;background-color:transparent;font-weight:400;font-style:normal;font-variant:normal;text-decoration:none;vertical-align:baseline;white-space:pre;white-space:pre-wrap;\">Volume 1 slave is named after Kazimir being sold into slavery and the slaves of the grapist in the deamon realm<\/span><\/p><br />"}