{"color":"DEFAULT","isTrashed":false,"isPinned":false,"isArchived":false,"textContent":"\n[Screams of the Fallen]\nDescription: You can recall upon the screams of the fallen","title":"","userEditedTimestampUsec":1747533785034000,"createdTimestampUsec":1747533785034000,"textContentHtml":"<br /><p dir=\"ltr\" style=\"line-height:1.38;margin-top:0.0pt;margin-bottom:0.0pt;\"><span style=\"font-size:7.2pt;font-family:'Google Sans';color:#000000;background-color:transparent;font-weight:400;font-style:normal;font-variant:normal;text-decoration:none;vertical-align:baseline;white-space:pre;white-space:pre-wrap;\">[Screams of the Fallen]<\/span><\/p><p dir=\"ltr\" style=\"line-height:1.38;margin-top:0.0pt;margin-bottom:0.0pt;\"><span style=\"font-size:7.2pt;font-family:'Google Sans';color:#000000;background-color:transparent;font-weight:400;font-style:normal;font-variant:normal;text-decoration:none;vertical-align:baseline;white-space:pre;white-space:pre-wrap;\">Description: You can recall upon the screams of the fallen<\/span><\/p>"}