{"color":"DEFAULT","isTrashed":false,"isPinned":false,"isArchived":false,"textContent":"\nSelis hears prophency of Kazimir dying, she does everything to stop it.\n\nKazimir finds artifacts, he takes it home, Monster come to hunt the artifact, Selis also is in search of the artifact, Selis kill the monster hunting him.","title":"","userEditedTimestampUsec":1747538082272000,"createdTimestampUsec":1747538082272000,"textContentHtml":"<br /><p dir=\"ltr\" style=\"line-height:1.38;margin-top:0.0pt;margin-bottom:0.0pt;\"><span style=\"font-size:7.2pt;font-family:'Google Sans';color:#000000;background-color:transparent;font-weight:400;font-style:normal;font-variant:normal;text-decoration:none;vertical-align:baseline;white-space:pre;white-space:pre-wrap;\">Selis hears prophency of Kazimir dying, she does everything to stop it.<\/span><\/p><br /><p dir=\"ltr\" style=\"line-height:1.38;margin-top:0.0pt;margin-bottom:0.0pt;\"><span style=\"font-size:7.2pt;font-family:'Google Sans';color:#000000;background-color:transparent;font-weight:400;font-style:normal;font-variant:normal;text-decoration:none;vertical-align:baseline;white-space:pre;white-space:pre-wrap;\">Kazimir finds artifacts, he takes it home, Monster come to hunt the artifact, Selis also is in search of the artifact, Selis kill the monster hunting him.<\/span><\/p>"}