{"color":"DEFAULT","isTrashed":false,"isPinned":false,"isArchived":false,"textContent":"Selis mkes an oath/promise to avenge her murderd father by burning down house vuglar and the daemon realm\n\nand honor her house and lineage\n\n","title":"","userEditedTimestampUsec":1747537917473000,"createdTimestampUsec":1747537915253000,"textContentHtml":"<p dir=\"ltr\" style=\"line-height:1.38;margin-top:0.0pt;margin-bottom:0.0pt;\"><span style=\"font-size:7.2pt;font-family:'Google Sans';color:#000000;background-color:transparent;font-weight:400;font-style:normal;font-variant:normal;text-decoration:none;vertical-align:baseline;white-space:pre;white-space:pre-wrap;\">Selis mkes an oath/promise to avenge her murderd father by burning down house vuglar and the daemon realm<\/span><\/p><br /><p dir=\"ltr\" style=\"line-height:1.38;margin-top:0.0pt;margin-bottom:0.0pt;\"><span style=\"font-size:7.2pt;font-family:'Google Sans';color:#000000;background-color:transparent;font-weight:400;font-style:normal;font-variant:normal;text-decoration:none;vertical-align:baseline;white-space:pre;white-space:pre-wrap;\">and honor her house and lineage<\/span><\/p><br />"}