{"color":"DEFAULT","isTrashed":false,"isPinned":false,"isArchived":false,"textContent":"Paladin and the assassin, Kazimir and Selis live on street, Selis get's hurt and beaten, Kazimir sells himself into slavery to save her, by using the money to send her to the holy monastary to heal her, she becomes a paladin, he an asssassin\n\n","title":"","userEditedTimestampUsec":1747537821999000,"createdTimestampUsec":1747537821999000,"textContentHtml":"<p dir=\"ltr\" style=\"line-height:1.38;margin-top:0.0pt;margin-bottom:0.0pt;\"><span style=\"font-size:7.2pt;font-family:'Google Sans';color:#000000;background-color:transparent;font-weight:400;font-style:normal;font-variant:normal;text-decoration:none;vertical-align:baseline;white-space:pre;white-space:pre-wrap;\">Paladin and the assassin, Kazimir and Selis live on street, Selis get's hurt and beaten, Kazimir sells himself into slavery to save her, by using the money to send her to the holy monastary to heal her, she becomes a paladin, he an asssassin<\/span><\/p><br />"}