{"color":"DEFAULT","isTrashed":false,"isPinned":false,"isArchived":false,"textContent":"\n[Lie of Beauty]\nDescription: Once upon a time a sister of deceit fell in love prince, she tried her hardest to win his heart with all kinds of deceptions but none of them worked, eventually, tired of her failed attempts she prayed to the daemon of deceit for beauty beyond comprehension, the daemon answered and gave her Lie of Beauty in exchange for her true face, name and identity, a necklace that gave her beauty beyond comprehension. she went to confess to the prince but he did not recognize her. oddly enough even with her boundless beauty, and even not knowing who she was he still rejected her. he told her that he was already secretly engaged towards an other woman in a political marriage. however he also told her that his heart already belonged to another woman, a woman that had been with him, and pursuing him for ages, her previous self. tears of joy welled in her eyes, she tried telling him it was her, but she couldn't the daemon of deceit had already taken her name, face and identity.\nBeauty always has its price\n\n","title":"","userEditedTimestampUsec":1747537646098000,"createdTimestampUsec":1747537643931000,"textContentHtml":"<br /><p dir=\"ltr\" style=\"line-height:1.38;margin-top:0.0pt;margin-bottom:0.0pt;\"><span style=\"font-size:7.2pt;font-family:'Google Sans';color:#000000;background-color:transparent;font-weight:400;font-style:normal;font-variant:normal;text-decoration:none;vertical-align:baseline;white-space:pre;white-space:pre-wrap;\">[Lie of Beauty]<\/span><\/p><p dir=\"ltr\" style=\"line-height:1.38;margin-top:0.0pt;margin-bottom:0.0pt;\"><span style=\"font-size:7.2pt;font-family:'Google Sans';color:#000000;background-color:transparent;font-weight:400;font-style:normal;font-variant:normal;text-decoration:none;vertical-align:baseline;white-space:pre;white-space:pre-wrap;\">Description: Once upon a time a sister of deceit fell in love prince, she tried her hardest to win his heart with all kinds of deceptions but none of them worked, eventually, tired of her failed attempts she prayed to the daemon of deceit for beauty beyond comprehension, the daemon answered and gave her Lie of Beauty in exchange for her true face, name and identity, a necklace that gave her beauty beyond comprehension. she went to confess to the prince but he did not recognize her. oddly enough even with her boundless beauty, and even not knowing who she was he still rejected her. he told her that he was already secretly engaged towards an other woman in a political marriage. however he also told her that his heart already belonged to another woman, a woman that had been with him, and pursuing him for ages, her previous self. tears of joy welled in her eyes, she tried telling him it was her, but she couldn't the daemon of deceit had already taken her name, face and identity.<\/span><\/p><p dir=\"ltr\" style=\"line-height:1.38;margin-top:0.0pt;margin-bottom:0.0pt;\"><span style=\"font-size:7.2pt;font-family:'Google Sans';color:#000000;background-color:transparent;font-weight:400;font-style:normal;font-variant:normal;text-decoration:none;vertical-align:baseline;white-space:pre;white-space:pre-wrap;\">Beauty always has its price<\/span><\/p><br />"}