{"color":"DEFAULT","isTrashed":false,"isPinned":false,"isArchived":false,"textContent":"\n\n    Work Text:\n\n    The AByssWalkers:\n    Selis and Kazimir fall down into the abyss and they climb out of it.\n    Kazimir and Selis are the god of Light and Darkness.\n","title":"","userEditedTimestampUsec":1747535585003000,"createdTimestampUsec":1747535582766000,"textContentHtml":"<br /><br /><p dir=\"ltr\" style=\"line-height:1.38;margin-top:0.0pt;margin-bottom:0.0pt;\"><span style=\"font-size:7.2pt;font-family:'Google Sans';color:#000000;background-color:transparent;font-weight:400;font-style:normal;font-variant:normal;text-decoration:none;vertical-align:baseline;white-space:pre;white-space:pre-wrap;\">&nbsp;&nbsp;&nbsp;&nbsp;Work Text:<\/span><\/p><br /><p dir=\"ltr\" style=\"line-height:1.38;margin-top:0.0pt;margin-bottom:0.0pt;\"><span style=\"font-size:7.2pt;font-family:'Google Sans';color:#000000;background-color:transparent;font-weight:400;font-style:normal;font-variant:normal;text-decoration:none;vertical-align:baseline;white-space:pre;white-space:pre-wrap;\">&nbsp;&nbsp;&nbsp;&nbsp;The AByssWalkers:<\/span><\/p><p dir=\"ltr\" style=\"line-height:1.38;margin-top:0.0pt;margin-bottom:0.0pt;\"><span style=\"font-size:7.2pt;font-family:'Google Sans';color:#000000;background-color:transparent;font-weight:400;font-style:normal;font-variant:normal;text-decoration:none;vertical-align:baseline;white-space:pre;white-space:pre-wrap;\">&nbsp;&nbsp;&nbsp;&nbsp;Selis and Kazimir fall down into the abyss and they climb out of it.<\/span><\/p><p dir=\"ltr\" style=\"line-height:1.38;margin-top:0.0pt;margin-bottom:0.0pt;\"><span style=\"font-size:7.2pt;font-family:'Google Sans';color:#000000;background-color:transparent;font-weight:400;font-style:normal;font-variant:normal;text-decoration:none;vertical-align:baseline;white-space:pre;white-space:pre-wrap;\">&nbsp;&nbsp;&nbsp;&nbsp;Kazimir and Selis are the god of Light and Darkness.<\/span><\/p>"}