{"color":"DEFAULT","isTrashed":false,"isPinned":false,"isArchived":false,"textContent":"I am mostly using this thread for myself to write down some ideas I have come up with, I don't do this with intention to copyright strike anyone's work, you are free to use the ideas I have written here. I am simply hoping by writing this down first, while I am still learning the English language that no one will copyright strike me and my novel when I have properly learned English and have started writing my novels.\n\n","title":"","userEditedTimestampUsec":1747537912450000,"createdTimestampUsec":1747537910209000,"textContentHtml":"<p dir=\"ltr\" style=\"line-height:1.38;margin-top:0.0pt;margin-bottom:0.0pt;\"><span style=\"font-size:7.2pt;font-family:'Google Sans';color:#000000;background-color:transparent;font-weight:400;font-style:normal;font-variant:normal;text-decoration:none;vertical-align:baseline;white-space:pre;white-space:pre-wrap;\">I am mostly using this thread for myself to write down some ideas I have come up with, I don't do this with intention to copyright strike anyone's work, you are free to use the ideas I have written here. I am simply hoping by writing this down first, while I am still learning the English language that no one will copyright strike me and my novel when I have properly learned English and have started writing my novels.<\/span><\/p><br />"}