{"color":"DEFAULT","isTrashed":false,"isPinned":false,"isArchived":false,"textContent":"During their first visit into the Demon realm Selis and Kazimir find a human setlement ruled by a grapist dumbass who has power to control people with ethereal strings, once lost from them the puppet dies, however the consciousness lives on even after being made a puppet.\n\n","title":"","userEditedTimestampUsec":1747536984880000,"createdTimestampUsec":1747536984880000,"textContentHtml":"<p dir=\"ltr\" style=\"line-height:1.38;margin-top:0.0pt;margin-bottom:0.0pt;\"><span style=\"font-size:7.2pt;font-family:'Google Sans';color:#000000;background-color:transparent;font-weight:400;font-style:normal;font-variant:normal;text-decoration:none;vertical-align:baseline;white-space:pre;white-space:pre-wrap;\">During their first visit into the Demon realm Selis and Kazimir find a human setlement ruled by a grapist dumbass who has power to control people with ethereal strings, once lost from them the puppet dies, however the consciousness lives on even after being made a puppet.<\/span><\/p><br />"}