{"color":"DEFAULT","isTrashed":false,"isPinned":false,"isArchived":false,"textContent":"Selis father assassinated by house vuglar, mother and younger sister is poisoned and sick, she tries to find a cure.\n\n","title":"","userEditedTimestampUsec":1747537782675000,"createdTimestampUsec":1747537782675000,"textContentHtml":"<p dir=\"ltr\" style=\"line-height:1.38;margin-top:0.0pt;margin-bottom:0.0pt;\"><span style=\"font-size:7.2pt;font-family:'Google Sans';color:#000000;background-color:transparent;font-weight:400;font-style:normal;font-variant:normal;text-decoration:none;vertical-align:baseline;white-space:pre;white-space:pre-wrap;\">Selis father assassinated by house vuglar, mother and younger sister is poisoned and sick, she tries to find a cure.<\/span><\/p><br />"}