{"color":"DEFAULT","isTrashed":false,"isPinned":false,"isArchived":false,"textContent":"[Blessing of Light]\nDescription: Light strenghtens you. how odd, that one of Darkness could be strenghtened by light","title":"","userEditedTimestampUsec":1747537531434000,"createdTimestampUsec":1747537526812000,"textContentHtml":"<p dir=\"ltr\" style=\"line-height:1.38;margin-top:0.0pt;margin-bottom:0.0pt;\"><span style=\"font-size:7.2pt;font-family:'Google Sans';color:#000000;background-color:transparent;font-weight:400;font-style:normal;font-variant:normal;text-decoration:none;vertical-align:baseline;white-space:pre;white-space:pre-wrap;\">[Blessing of Light]<\/span><\/p><p dir=\"ltr\" style=\"line-height:1.38;margin-top:0.0pt;margin-bottom:0.0pt;\"><span style=\"font-size:7.2pt;font-family:'Google Sans';color:#000000;background-color:transparent;font-weight:400;font-style:normal;font-variant:normal;text-decoration:none;vertical-align:baseline;white-space:pre;white-space:pre-wrap;\">Description: Light strenghtens you. how odd, that one of Darkness could be strenghtened by light<\/span><\/p>"}