{"color":"DEFAULT","isTrashed":false,"isPinned":false,"isArchived":false,"textContent":"The primordial gods of the void are formless, nameless and boundless, Darkness, Light, Space, and Time crawled out of it to escape them, they crawled out of it and formed reality to escape their madness chaos and confusion\n\n","title":"","userEditedTimestampUsec":1747536982399000,"createdTimestampUsec":1747536982399000,"textContentHtml":"<p dir=\"ltr\" style=\"line-height:1.38;margin-top:0.0pt;margin-bottom:0.0pt;\"><span style=\"font-size:7.2pt;font-family:'Google Sans';color:#000000;background-color:transparent;font-weight:400;font-style:normal;font-variant:normal;text-decoration:none;vertical-align:baseline;white-space:pre;white-space:pre-wrap;\">The primordial gods of the void are formless, nameless and boundless, Darkness, Light, Space, and Time crawled out of it to escape them, they crawled out of it and formed reality to escape their madness chaos and confusion<\/span><\/p><br />"}