{"color":"DEFAULT","isTrashed":false,"isPinned":false,"isArchived":false,"textContent":"At \"night,\" the sky weeps thick black rain that burns skin and drives men mad if they stare too long.","title":"","userEditedTimestampUsec":1747531505843000,"createdTimestampUsec":1747531505843000,"textContentHtml":"<p dir=\"ltr\" style=\"line-height:1.38;margin-top:0.0pt;margin-bottom:0.0pt;\"><span style=\"font-size:7.2pt;font-family:'Google Sans';color:#000000;background-color:transparent;font-weight:400;font-style:normal;font-variant:normal;text-decoration:none;vertical-align:baseline;white-space:pre;white-space:pre-wrap;\">At &quot;night,&quot; the sky weeps thick black rain that burns skin and drives men mad if they stare too long.<\/span><\/p>"}