{"color":"DEFAULT","isTrashed":false,"isPinned":false,"isArchived":false,"textContent":"Shadow Slave theory, I have only read up to chapter 1000 so idk much but I guess sunny was either fated by weaver or is the incarnation of weaver.\n","title":"","userEditedTimestampUsec":1747531570656000,"createdTimestampUsec":1747531426172000,"textContentHtml":"<p dir=\"ltr\" style=\"line-height:1.38;margin-top:0.0pt;margin-bottom:0.0pt;\"><span style=\"font-size:7.2pt;font-family:'Google Sans';color:#000000;background-color:transparent;font-weight:400;font-style:normal;font-variant:normal;text-decoration:none;vertical-align:baseline;white-space:pre;white-space:pre-wrap;\">Shadow Slave theory, I have only read up to chapter 1000 so idk much but I guess sunny was either fated by weaver or is the incarnation of weaver.<\/span><\/p>"}