{"color":"DEFAULT","isTrashed":false,"isPinned":false,"isArchived":false,"textContent":"Daemon of Deceit is actually the daemon of truth, however to guard the world of the truth he covers himself with deceit\n\nEven the gods couldn't tell he was actually truth\n\n","title":"","userEditedTimestampUsec":1747538008674000,"createdTimestampUsec":1747538001454000,"textContentHtml":"<p dir=\"ltr\" style=\"line-height:1.38;margin-top:0.0pt;margin-bottom:0.0pt;\"><span style=\"font-size:7.2pt;font-family:'Google Sans';color:#000000;background-color:transparent;font-weight:400;font-style:normal;font-variant:normal;text-decoration:none;vertical-align:baseline;white-space:pre;white-space:pre-wrap;\">Daemon of Deceit is actually the daemon of truth, however to guard the world of the truth he covers himself with deceit<\/span><\/p><br /><p dir=\"ltr\" style=\"line-height:1.38;margin-top:0.0pt;margin-bottom:0.0pt;\"><span style=\"font-size:7.2pt;font-family:'Google Sans';color:#000000;background-color:transparent;font-weight:400;font-style:normal;font-variant:normal;text-decoration:none;vertical-align:baseline;white-space:pre;white-space:pre-wrap;\">Even the gods couldn't tell he was actually truth<\/span><\/p><br />"}