{"color":"DEFAULT","isTrashed":false,"isPinned":false,"isArchived":false,"textContent":"grap dude is able to create ethereal spider web around him and area to control people\n\n","title":"","userEditedTimestampUsec":1747533649739000,"createdTimestampUsec":1747533649739000,"textContentHtml":"<p dir=\"ltr\" style=\"line-height:1.38;margin-top:0.0pt;margin-bottom:0.0pt;\"><span style=\"font-size:7.2pt;font-family:'Google Sans';color:#000000;background-color:transparent;font-weight:400;font-style:normal;font-variant:normal;text-decoration:none;vertical-align:baseline;white-space:pre;white-space:pre-wrap;\">grap dude is able to create ethereal spider web around him and area to control people<\/span><\/p><br />"}